Kathleen,
Anurhada,
Ayanes,
Ben,
Bryan,
Chase,
Christopher,
Dakota,
Destin,
Dmitrii,
Guillermo,
Jonathan,
Jordan,
Min,
Nikhil,
Stephen,
Pushpinder,
Ricki,
Robert,
Ruslan,
Sammy,
Spencer,
Taylor,
Travis,
Virgilio,
Zachary,
Steven,
Lauren,
Kyle,
Lola, 
Katie, 
Annie,
Olivia,
Emma,
Isabella,
Charlotte,
Abigail,
Evelyn,
Sona,
Maddie, 
Peggy,
Alina, 
Valerie,
Scarlett,
Avery,
Rachel,
Jennifer,
Haley, 
Andrea,
Kelsey,
Bailey, 
Kaylee,
Mary, 
Allen,
Zoey,
Marina, 
Hannah,
Natalie,
Leah,
Claire,
Savannah,
Samantha,
Quinn,
Liam, 
Darren